{
  "finish": 7.000446525782412,
  "capture": 1.560672774130123,
  "double": 2.782110735821959,
  "progress": 3.435977030941173,
  "current_danger_count": 0.0234692494065513,
  "landing_danger_count": -1.606337296775199,
  "danger_reduction": 1.1298065461817524,
  "captured_piece_progress": 1.3389658271036362
}