{
  "finish": 5.00522421219492,
  "capture": 1.939903979462859,
  "double": 2.9792484487897295,
  "progress": 2.7830934600158903,
  "home_piece": -0.7660307184405611,
  "lands_in_danger": -0.44783698165046565,
  "escapes_danger": 0.18252265310210067,
  "captured_piece_progress": 1.739551403240953
}